{"cameraMode":{"drawMode":0,"name":"Shaded","section":"Shading Mode"},"sceneLighting":true,"audioPlay":false,"sceneViewState":{"m_AlwaysRefresh":false,"showFog":true,"showSkybox":true,"showFlares":true,"showImageEffects":true,"showParticleSystems":true,"showVisualEffectGraphs":true,"m_FxEnabled":true},"in2DMode":false,"pivot":{"x":-0.48349666595458987,"y":0.7692263126373291,"z":-0.9347457885742188},"rotation":{"x":-0.006498824339359999,"y":0.8492031097412109,"z":-0.010453891009092331,"w":-0.5279224514961243},"size":3.66317081451416,"orthographic":false}